text,timestamp
Hundreds of BHU students with  Unit united to demand  and stand against racial discrimination,2025-02-20 06:25:51+00:00
Several approaches to the prevention of genderbased violence against women and girls including femicide have been used,2025-02-20 06:23:28+00:00
Join KICTANet at  as we showcase the OGBV Map revealing key insights",2025-02-20 06:15:14+00:00, 
Hundreds of BHU students with  Unit united to demand  and stand against racial discrimination,2025-02-20 06:12:00+00:00,
Which major tribe in Nigeria has the most beautiful women,2025-02-20 06:55:59+00:00,
Where are my horny women atttt I be so horny at night,2025-02-20 06:55:58+00:00,
Whos about couple of hours alone Im gunna wank myself silly Whos with me Anything you want just comment or dm Tee,2025-02-20 06:55:41+00:00,
இனஸடவல கதல வல சடகடட டடடஙகல கடட பல கடரம  சககம வபசசர கமபல லஸட வற பர,2025-02-20 06:55:41+00:00,
கஞச நளகக மனனட தன களமபககததல ஒர பணண கடததடட பனஙக அபபட இரககம பத இநத இடததல எபபட டஸ,2025-02-20 06:55:25+00:00,
vintage hairstyles with fringe,2025-02-20 06:55:13+00:00,
இனஸடவல கதல வல சடகடட டடடஙகல கடட பல கடரம  சககம வபசசர கமபல லஸட வற பர,2025-02-20 06:54:05+00:00,
கஞச நளகக மனனட தன களமபககததல ஒர பணண கடததடட பனஙக அபபட இரககம பத இநத இடததல எபபட டஸ,2025-02-20 06:53:52+00:00,,
,2025-02-20 07:14:09+00:00,
,2025-02-20 07:14:05+00:00,
I love BNWO propaganda it Fuels me,2025-02-20 07:13:33+00:00,
Attention all cat lovers 3450,2025-02-20 07:13:27+00:00,
Delhi CM Rekha Gupta  ఢలల సఎ రఖ గపత కలక పరకటన,2025-02-20 07:12:28+00:00,
இனஸடவல கதல வல சடகடட டடடஙகல கடட பல கடரம  சககம வபசசர கமபல லஸட வற பர,2025-02-20 07:11:21+00:00,
"Kate Barton Goldfish Accessory Bag Visit Now",2025-02-20 07:11:11+00:00,
இனஸடவல கதல வல சடகடட டடடஙகல கடட பல கடரம  சககம வபசசர கமபல லஸட வற பர,2025-02-20 07:10:48+00:00,
goon to filth like youre meant to,2025-02-20 07:10:26+00:00,
s Regime Executes 21 Prisoners in MidFebruary Two  Among 830 Executed Under Pezeshkian While Ali Khamene,2025-02-20 07:08:21+00:00,
महलच सनमन करण हच भजप सरकरच ससकर आह,2025-02-20 07:30:04+00:00,
goodnight to all my pretty girls,2025-02-20 07:28:37+00:00,
இனஸடகரம மலம இளம பணகள வளதத பலயல வனகடம சயத பலயல தழலல தளளய தரவணணமல மவடடததச சர,2025-02-20 07:28:15+00:00,,
கஞச நளகக மனனட தன களமபககததல ஒர பணண கடததடட பனஙக அபபட இரககம பத இநத இடததல எபபட டஸ,2025-02-20 07:27:55+00:00,,
be shopping,2025-02-20 07:27:44+00:00,,
,2025-02-20 07:27:19+00:00,,
"इस जरर चरच म शमल जरर ह
आज दपहर 3 बज",2025-02-20 07:26:55+00:00,,
20-Feb,2025-02-20 07:26:31+00:00,,
,2025-02-20 07:26:01+00:00,,
भजप सरकर आधपसनच महलच आदर करत आह,2025-02-20 07:25:48+00:00,,
महलच सनमन करण हच भजप सरकरच ससकर आह,2025-02-20 07:30:04+00:00,,
goodnight to all my pretty girls,2025-02-20 07:28:37+00:00,,
இனஸடகரம மலம இளம பணகள வளதத பலயல வனகடம சயத பலயல தழலல தளளய தரவணணமல மவடடததச சர,2025-02-20 07:28:15+00:00,,
கஞச நளகக மனனட தன களமபககததல ஒர பணண கடததடட பனஙக அபபட இரககம பத இநத இடததல எபபட டஸ,2025-02-20 07:27:55+00:00,,
be shopping,2025-02-20 07:27:44+00:00,,
,2025-02-20 07:27:19+00:00,,
"इस जरर चरच म शमल जरर ह
आज दपहर 3 बज",2025-02-20 07:26:55+00:00,,
20-Feb,2025-02-20 07:26:31+00:00,,
,2025-02-20 07:26:01+00:00,,
भजप सरकर आधपसनच महलच आदर करत आह,2025-02-20 07:25:48+00:00,,
"Womens access to market opportunities in MENA and South Asia continues to face serious challenges

Join  Rag",2025-03-20 16:04:01+00:00
Im so grateful to Jasmine for not only sharing her story of spending two weeks in US detention camps but for using he,2025-03-20 16:04:01+00:00
they were onto something when they sent hysteric women to the seaside to be healed,2025-03-20 16:04:01+00:00
"These womens photos need to be seen by the entire country 

They are administrators who forced middle school girls to c",2025-03-20 16:04:01+00:00
Black women supporting Jonathan Majors because his victim is a white woman are DISGUSTING,2025-03-20 16:04:01+00:00
im obsessed with seeing women in their 40s amp 50s looking this hot i literally feel motivated to LIVE life to the fullest and,2025-03-20 16:04:01+00:00
White women REDEEMED,2025-03-20 16:04:01+00:00
"So dedicated to womens rights
Under the Liberals
Rape statistics are up 110
Sexual assault up 75
Cannot identify wh",2025-03-20 16:04:01+00:00
"Gaza offered particularly fierce resistance to Alexander during his conquest of the Levant
When Gaza finally fell Ale",2025-03-20 16:04:01+00:00
Fans and players across the Barclays WSL Barclays Womens Championship and Subway Womens League Cup have shown their support for  Unite For Access campaign in recent weeks,2025-03-20 16:04:01+00:00
"Womens access to market opportunities in MENA and South Asia continues to face serious challenges

Join  Rag",2025-03-20 16:04:01+00:00
Im so grateful to Jasmine for not only sharing her story of spending two weeks in US detention camps but for using he,2025-03-20 16:04:01+00:00
they were onto something when they sent hysteric women to the seaside to be healed,2025-03-20 16:04:01+00:00
"These womens photos need to be seen by the entire country 

They are administrators who forced middle school girls to c",2025-03-20 16:04:01+00:00
Black women supporting Jonathan Majors because his victim is a white woman are DISGUSTING,2025-03-20 16:04:01+00:00
im obsessed with seeing women in their 40s amp 50s looking this hot i literally feel motivated to LIVE life to the fullest and,2025-03-20 16:04:01+00:00
White women REDEEMED,2025-03-20 16:04:01+00:00
"So dedicated to womens rights
Under the Liberals
Rape statistics are up 110
Sexual assault up 75
Cannot identify wh",2025-03-20 16:04:01+00:00
"Gaza offered particularly fierce resistance to Alexander during his conquest of the Levant
When Gaza finally fell Ale",2025-03-20 16:04:01+00:00
Fans and players across the Barclays WSL Barclays Womens Championship and Subway Womens League Cup have shown their support for  Unite For Access campaign in recent weeks,2025-03-20 16:04:01+00:00
on March 29 send the National Guard at all the   dealerships and protect them  are calling for violence and thurt Americans and American jobs and people  These are maxists domestic terrorists,2025-03-21 03:37:48+00:00
SCREECHING HALT 13 Democrats who railed against domestic terrorism in the past are now declining to condemn violence at Tesla,2025-03-21 03:37:43+00:00
"They need to also look into the Dogequest group

They doxxed Tesla owners nationwide revealing owners names",2025-03-21 03:37:38+00:00
"Swatting families is dangerous

Conservative or Liberal These acts of domestic terrorism create a much larger footpr",2025-03-21 03:37:34+00:00
"This is craziness this is really inciting people to violence to domestic terrorism 

Tesla owners Alexandra Merz and John",2025-03-21 03:37:27+00:00
Arrest the ignorant Criminal Domestic Terrorist Seditionist and Traitor Chuck Schumer for Sedition and calling for Mayhem Domestic Terrorism with threats of domestic violence bodily injury and death Subversion Usurpation and Treason  change their vote or,2025-03-21 03:37:26+00:00
"On March 18th  declared Violence on Tesla dealerships is now Domestic Terrorism 

Erin L White aka Evan Whit",2025-03-21 03:37:20+00:00
"Since January 6 2021 weve been fed roundtheclock hysteria about domestic terrorism from the Right

This is what t",2025-03-21 03:37:15+00:00
"8  BOTTOM LINE This isnt politics  its DOMESTIC TERRORISM 

Congress must act NOW 

 Pass AntiSwatting",2025-03-21 03:37:10+00:00
LOUISVILLE Ky  ICE arrested 81 illegal aliens during a recent operation with help from FBI DEA US Marshals Service and A,2025-03-21 03:37:08+00:00
on March 29 send the National Guard at all the   dealerships and protect them  are calling for violence and thurt Americans and American jobs and people  These are maxists domestic terrorists,2025-03-21 03:37:48+00:00
SCREECHING HALT 13 Democrats who railed against domestic terrorism in the past are now declining to condemn violence at Tesla,2025-03-21 03:37:43+00:00
"They need to also look into the Dogequest group

They doxxed Tesla owners nationwide revealing owners names",2025-03-21 03:37:38+00:00
"Swatting families is dangerous

Conservative or Liberal These acts of domestic terrorism create a much larger footpr",2025-03-21 03:37:34+00:00
"This is craziness this is really inciting people to violence to domestic terrorism 

Tesla owners Alexandra Merz and John",2025-03-21 03:37:27+00:00
Arrest the ignorant Criminal Domestic Terrorist Seditionist and Traitor Chuck Schumer for Sedition and calling for Mayhem Domestic Terrorism with threats of domestic violence bodily injury and death Subversion Usurpation and Treason  change their vote or,2025-03-21 03:37:26+00:00
"On March 18th  declared Violence on Tesla dealerships is now Domestic Terrorism 

Erin L White aka Evan Whit",2025-03-21 03:37:20+00:00
"Since January 6 2021 weve been fed roundtheclock hysteria about domestic terrorism from the Right

This is what t",2025-03-21 03:37:15+00:00
"8  BOTTOM LINE This isnt politics  its DOMESTIC TERRORISM 

Congress must act NOW 

 Pass AntiSwatting",2025-03-21 03:37:10+00:00
LOUISVILLE Ky  ICE arrested 81 illegal aliens during a recent operation with help from FBI DEA US Marshals Service and A,2025-03-21 03:37:08+00:00
The Inaugural  in  Breakfast Meeting,2025-03-21 10:22:00+00:00
மகளரகக 1000 கடககறஙக மசசனன மரகளடம 6000 எடககறஙக,2025-03-21 10:21:59+00:00
"Most Women Stay 

Do the math Most  do not report and false allegations are incredibly rare 

Follow",2025-03-21 10:21:57+00:00
Studies across Bangladesh India Kenya amp Nigeria show that female customers prefer  This is because,2025-03-21 10:21:48+00:00
மகளரகக 1000 கடககறஙக மசசனன மரகளடம 6000 எடககறஙக,2025-03-21 10:21:38+00:00
"Studies across Bangladesh India Kenya amp Nigeria show that female customers prefer  This is because  excel in customer trust acquisition amp retention especially among 

Learn more about this trend in our latest report",2025-03-21 10:21:10+00:00
If a Wife is found to be in extra marital affair she should not be entitled for ALIMONY,2025-03-21 10:20:52+00:00
उततरखड कषतरय लग कई वरष स कर रह मग पन त नह आय खल गई शरब क दकन चतवन,2025-03-21 10:20:31+00:00
If a Wife is found to be in extra marital affair she should not be entitled for ALIMONY,2025-03-21 10:20:06+00:00
தணணரம பணகளம  உலக தணணர தனம,2025-03-21 10:19:57+00:00
The Inaugural  in  Breakfast Meeting,2025-03-21 10:22:00+00:00
மகளரகக 1000 கடககறஙக மசசனன மரகளடம 6000 எடககறஙக,2025-03-21 10:21:59+00:00
"Most Women Stay 

Do the math Most  do not report and false allegations are incredibly rare 

Follow",2025-03-21 10:21:57+00:00
Studies across Bangladesh India Kenya amp Nigeria show that female customers prefer  This is because,2025-03-21 10:21:48+00:00
மகளரகக 1000 கடககறஙக மசசனன மரகளடம 6000 எடககறஙக,2025-03-21 10:21:38+00:00
"Studies across Bangladesh India Kenya amp Nigeria show that female customers prefer  This is because  excel in customer trust acquisition amp retention especially among 

Learn more about this trend in our latest report",2025-03-21 10:21:10+00:00
If a Wife is found to be in extra marital affair she should not be entitled for ALIMONY,2025-03-21 10:20:52+00:00
उततरखड कषतरय लग कई वरष स कर रह मग पन त नह आय खल गई शरब क दकन चतवन,2025-03-21 10:20:31+00:00
If a Wife is found to be in extra marital affair she should not be entitled for ALIMONY,2025-03-21 10:20:06+00:00
தணணரம பணகளம  உலக தணணர தனம,2025-03-21 10:19:57+00:00
Cheating ebony jerking him off while doing raceplay,2025-04-03 08:06:20+00:00
BLACKED petite teen,2025-04-03 08:04:33+00:00
,2025-04-03 07:58:32+00:00
Creamy ebony bouncing on bwc,2025-04-03 07:56:26+00:00
"No theyre not
Theyre simply crypto  s
Their survival depends on",2025-04-03 07:51:00+00:00
Ebony with fat ass riding the cum out of a bwc,2025-04-03 07:42:28+00:00
The very fabric of the socalled democratic republic is  in essence amp  in spirit eve,2025-04-03 07:41:09+00:00
Cheating ebony jerking him off while doing raceplay,2025-04-03 07:35:36+00:00
"A GodfuckingBless 
It is 9999 of the time the 
 

  

  



    who are the",2025-04-03 07:22:24+00:00
Creamy hot wife getting bred by bbc,2025-04-03 07:11:54+00:00
Cheating ebony jerking him off while doing raceplay,2025-04-03 08:06:20+00:00
BLACKED petite teen,2025-04-03 08:04:33+00:00
,2025-04-03 07:58:32+00:00
Creamy ebony bouncing on bwc,2025-04-03 07:56:26+00:00
"No theyre not
Theyre simply crypto  s
Their survival depends on",2025-04-03 07:51:00+00:00
Ebony with fat ass riding the cum out of a bwc,2025-04-03 07:42:28+00:00
The very fabric of the socalled democratic republic is  in essence amp  in spirit eve,2025-04-03 07:41:09+00:00
Cheating ebony jerking him off while doing raceplay,2025-04-03 07:35:36+00:00
"A GodfuckingBless 
It is 9999 of the time the 
 

  

  



    who are the",2025-04-03 07:22:24+00:00
Creamy hot wife getting bred by bbc,2025-04-03 07:11:54+00:00
Ari Fletcher  chudai wataa,2025-04-03 10:16:25+00:00
,2025-04-03 10:16:12+00:00
,2025-04-03 10:16:09+00:00
Bonne baise matinal avec ce bg italien  et son magnifique bussy tout ce que jaime,2025-04-03 10:15:29+00:00
,2025-04-03 10:14:46+00:00
,2025-04-03 10:14:45+00:00
Im cumming in that white pussy ass up cumdump gets a fat load pumped into him,2025-04-03 10:14:38+00:00
,2025-04-03 10:13:44+00:00
"BOUNCE ON IT

Aj180 Presents Arched on",2025-04-03 10:13:42+00:00
,2025-04-03 10:12:42+00:00
,2025-04-03 10:36:59+00:00
Outrage growing after a 17yearold  student was  to  by a  student during their  track meet in Frisco,2025-04-03 10:36:53+00:00
Am I the only one thats obsessed with  sloppy sex,2025-04-03 10:36:49+00:00
Once you go  you never go,2025-04-03 10:36:44+00:00
"Once you go  you never go 
 amp  amp  
Our hottest cuckold creampie threesome",2025-04-03 10:36:17+00:00
So addicted to getting my bussy eaten and fingered I always start dripping like a faucet if done right,2025-04-03 10:36:04+00:00
,2025-04-03 10:35:55+00:00
Her pussy was gripping on my bwc so much,2025-04-03 10:35:51+00:00
,2025-04-03 10:35:49+00:00
Who can give me a ride  On this nice Friday,2025-04-03 10:35:19+00:00
"中居正広氏性暴力とハリウッドワインスタイン事件の類似点日本版再燃にTV界は戦々恐々

中居正広氏の性暴力で思い出されるのが2017年に発覚した米ハリウッドの大物映画プロデューサーハーヴェイワインスタイン",2025-04-03 13:29:39+00:00
"Thread 5
 allegations against Sushant were breaking news and all over the place then how come Sanjana didnt get this",2025-04-03 13:29:26+00:00
,2025-04-03 13:27:37+00:00
Ywo two and coffee two,2025-04-03 13:26:59+00:00
Julia Roberts gets scorched by a  scandal in the gripping trailer for Luca Guadagninos After the Hunt which debuted,2025-04-03 13:26:46+00:00
Mi novia es una violadora por hacerla acabar sin tener yo ganas,2025-04-03 13:26:27+00:00
"Affaire C Devos  

Prof Dirk Voorhoof  Als prof heb je geen intieme relaties met studenten die bij jou doctor",2025-04-03 13:26:11+00:00
Je moet uit je functie gezet worden met je pijp beweging,2025-04-03 13:24:51+00:00
age is just a number right,2025-04-03 13:24:27+00:00
VIDÉO La comédienne Anouk Grinberg révèle les violences sexuelles subies depuis lenfance jusquà sa relation avec le réali,2025-04-03 13:20:34+00:00
Posting tantrums to Paris Palomas hysterical victim narrative basing their political activism on some dumb netflix se,2025-04-03 14:04:14+00:00
Creating awareness to the community in  to understand issues around  its causes and its impact aiming to c,2025-04-03 14:04:07+00:00
AntiWhite propaganda is rife Lets target the real issue and keep our women and children safe,2025-04-03 14:03:56+00:00
"Men are NO safe from 
Men are NO safe from 
Men are NO safe from",2025-04-03 14:02:45+00:00
,2025-04-03 14:00:02+00:00

Athena has products for men and women A great addition to your relationship,2025-04-03 14:00:02+00:00
பறவ சபம  Subam Marimuthu Exclusive Interview,2025-04-03 14:00:01+00:00
ActionAid Kenya programmes are empowering  to build a brighter and more prosperous future Through comprehensive training the promotion of role models and the advancement of local education we are equipping women with the necessary tools to diversify their incomes,2025-04-03 13:59:19+00:00
When Lady Dorothy Mills was a young girl a female relative told her she would never be beautiful so she had better be int,2025-04-03 13:59:06+00:00
Attention  dont participate with    gee so simple They would get the message Let these dolled up men with lipstick play with other men Id totally watch them compete PS reminder if you have a penis you are a man,2025-04-03 13:53:51+00:00
,2025-04-03 14:23:19+00:00
age is just a number right,2025-04-03 14:22:03+00:00
"Après Bétharram que révèle le   de lenseignement catholique   

Lavalanche de témoignages révèle une défaillan",2025-04-03 14:22:00+00:00
,2025-04-03 14:21:07+00:00
"移っていく季節を生き抜いているのはあなただ驚くべき力だ

you are surviving in The changing season It is a fantastic force",2025-04-03 14:19:57+00:00
"Après Bétharram que révèle le   de lenseignement catholique   

Lavalanche de témoignages révèle une défaillan",2025-04-03 14:19:06+00:00
The Nation of Islams The Secret Relationship Between Blacks amp Jews Vol 3 The Leo Frank Case Part 2 of 29,2025-04-03 14:17:00+00:00
,2025-04-03 14:16:21+00:00
"April is sexual assault awareness month 

1 in 5 women 1 in 16 men 

Most of us before the age of 18 Many of us more",2025-04-03 14:16:18+00:00
"フラワーデモ大宮

4月の開催はお休みとなります

23月は何もお知らせできず申し訳ありませんでした

お休み続きですが再度開催になる時はどうぞよろしくお願いします",2025-04-03 14:15:53+00:00
You said you wouldnt be a slut today Unfortunately wh0re in you had different plans,2025-04-03 14:37:29+00:00
Do you feel safe at home All it takes is one slip up one mistakeI wont let u breathe Ill be on control looking a,2025-04-03 14:25:06+00:00
Inspection time after an anal only day yout ass is stinging and gaping its time to destroy that needy cunt now bitch,2025-04-03 14:24:45+00:00
Its okay sweetie its all just a nightmare it will all be over soon Just keep ur pussy wet and I wont dump ur body in,2025-04-03 14:09:05+00:00
YOUR DREAM LIFE,2025-04-03 14:05:12+00:00
Let go of your inhibitions find your happy place Accept that your place is on your knees you were not meant to lead but,2025-04-03 14:05:09+00:00
You said you wouldnt be a slut today Unfortunately wh0re in you had different plans,2025-04-03 14:05:07+00:00
YOUR DREAM LIFE,2025-04-03 13:52:00+00:00
There are no laws protecting  in general in   As a result many animals especially  are,2025-04-03 13:46:31+00:00

what i look like when im talking to guys with pretty dicks 3,2025-04-03 13:45:20+00:00
,2025-04-23 13:12:50+00:00,
"Nez fracturé dénigrements insultes Le chef étoilé Jean Imbert accusé de violences par quatre ex compagnes 
Le chef nie tous les faits reprochés",2025-04-23 13:10:40+00:00,
Harvey Weinsteins rape retrial is set for opening statements at a different  moment,2025-04-23 13:10:10+00:00,
Harvey Weinsteins rape retrial is set for opening statements at a different  moment,2025-04-23 13:08:02+00:00,
Ce matin Tiffany Coisnard salariée de lAVFT a pu plaider au nom de lassociat,2025-04-23 13:07:23+00:00,


design s wear  drawing,2025-04-23 17:15:01+00:00,
Compact pill box for daily medicine imitation star ruby drop west German gift for her take your meds in style 29,2025-04-23 17:14:25+00:00,
"Will they dare to send Women soldiers for surgical strike

Or Will again send Male Soldiers  to die

Now why not use the I",2025-04-23 17:13:04+00:00,
A brighter future for womens health begins here The Shereen Bhutta Center of Excellence is bringing hope healing and,2025-04-23 17:11:05+00:00,
Only real Queen of Spades got the   tattoo to prove it,2025-04-23 17:10:58+00:00,
,2025-04-24 06:00:37+00:00,
"Call  917997101303  Whatsapp    Website  

Treat Fibroids Safely and PainFree with MRHIFU   Treatment Cure Medicine  Gynaecology Women",2025-04-24 05:56:01+00:00,
"victime de la barbarie azérie

Cette mère de 3 enfants militaire dans larmée  a été capturée",2025-04-24 05:55:37+00:00,
"Woman of the year  Absolutely  

But I think for 2025 the award goes to  everywhere",2025-04-24 05:55:34+00:00,
Beaded Butterfly Locket Necklace in Gold and Silver  Perfect Gift for Mom Wife  Handmade Jewelry 45,2025-04-24 05:55:21+00:00,
